model,n_complete,folds,rmse,mae,r2,note
linear_regression,441,5,8.313380379918408,5.982136484452382,0.5827622699921657,
random_forest_custom,441,5,5.6129622491420115,4.469833971720764,0.8097991242490377,
